INSERT INTO testers(testerId, firstName, lastName, country) VALUES (1,'Miguel','Bautista','US');
INSERT INTO testers(testerId, firstName, lastName, country) VALUES (2,'Michael','Lubavin','US');
INSERT INTO testers(testerId, firstName, lastName, country) VALUES (3,'Leonard','Sutton','GB');
INSERT INTO testers(testerId, firstName, lastName, country) VALUES (4,'Taybin','Rutkin','US');
INSERT INTO testers(testerId, firstName, lastName, country) VALUES (5,'Mingquan','Zheng','JP');
INSERT INTO testers(testerId, firstName, lastName, country) VALUES (6,'Stanley','Chen','GB');
INSERT INTO testers(testerId, firstName, lastName, country) VALUES (7,'Lucas','Lowry','JP');
INSERT INTO testers(testerId, firstName, lastName, country) VALUES (8,'Sean','Wellington','JP');
INSERT INTO testers(testerId, firstName, lastName, country) VALUES (9,'Darshini','Thiagarajan','GB');

INSERT INTO devices(deviceId, description) VALUES (1,'iPhone 4');
INSERT INTO devices(deviceId, description) VALUES (2,'iPhone 4S');
INSERT INTO devices(deviceId, description) VALUES (3,'iPhone 5');
INSERT INTO devices(deviceId, description) VALUES (4,'Galaxy S3');
INSERT INTO devices(deviceId, description) VALUES (5,'Galaxy S4');
INSERT INTO devices(deviceId, description) VALUES (6,'Nexus 4');
INSERT INTO devices(deviceId, description) VALUES (7,'Droid Razor');
INSERT INTO devices(deviceId, description) VALUES (8,'Droid DNA');
INSERT INTO devices(deviceId, description) VALUES (9,'HTC One');
INSERT INTO devices(deviceId, description) VALUES (10,'iPhone 3');

INSERT INTO tester_device(testerId, deviceId) VALUES (1,1);
INSERT INTO tester_device(testerId, deviceId) VALUES (1,2);
INSERT INTO tester_device(testerId, deviceId) VALUES (1,3);
INSERT INTO tester_device(testerId, deviceId) VALUES (1,10);
INSERT INTO tester_device(testerId, deviceId) VALUES (2,4);
INSERT INTO tester_device(testerId, deviceId) VALUES (2,5);
INSERT INTO tester_device(testerId, deviceId) VALUES (2,6);
INSERT INTO tester_device(testerId, deviceId) VALUES (2,7);
INSERT INTO tester_device(testerId, deviceId) VALUES (2,8);
INSERT INTO tester_device(testerId, deviceId) VALUES (2,9);
INSERT INTO tester_device(testerId, deviceId) VALUES (3,3);
INSERT INTO tester_device(testerId, deviceId) VALUES (3,4);
INSERT INTO tester_device(testerId, deviceId) VALUES (3,5);
INSERT INTO tester_device(testerId, deviceId) VALUES (3,6);
INSERT INTO tester_device(testerId, deviceId) VALUES (4,1);
INSERT INTO tester_device(testerId, deviceId) VALUES (4,2);
INSERT INTO tester_device(testerId, deviceId) VALUES (5,5);
INSERT INTO tester_device(testerId, deviceId) VALUES (5,6);
INSERT INTO tester_device(testerId, deviceId) VALUES (5,7);
INSERT INTO tester_device(testerId, deviceId) VALUES (5,1);
INSERT INTO tester_device(testerId, deviceId) VALUES (5,10);
INSERT INTO tester_device(testerId, deviceId) VALUES (6,3);
INSERT INTO tester_device(testerId, deviceId) VALUES (7,4);
INSERT INTO tester_device(testerId, deviceId) VALUES (7,5);
INSERT INTO tester_device(testerId, deviceId) VALUES (7,6);
INSERT INTO tester_device(testerId, deviceId) VALUES (7,7);
INSERT INTO tester_device(testerId, deviceId) VALUES (7,8);
INSERT INTO tester_device(testerId, deviceId) VALUES (8,1);
INSERT INTO tester_device(testerId, deviceId) VALUES (8,3);
INSERT INTO tester_device(testerId, deviceId) VALUES (8,6);
INSERT INTO tester_device(testerId, deviceId) VALUES (8,9);
INSERT INTO tester_device(testerId, deviceId) VALUES (8,10);
INSERT INTO tester_device(testerId, deviceId) VALUES (9,5);
INSERT INTO tester_device(testerId, deviceId) VALUES (9,6);
INSERT INTO tester_device(testerId, deviceId) VALUES (9,8);
INSERT INTO tester_device(testerId, deviceId) VALUES (9,9);

INSERT INTO bugs(bugId, deviceId, testerId) VALUES(1,1,4);
INSERT INTO bugs(bugId, deviceId, testerId) VALUES(2,8,9);
INSERT INTO bugs(bugId, deviceId, testerId) VALUES(3,4,7);
INSERT INTO bugs(bugId, deviceId, testerId) VALUES(4,2,4);
INSERT INTO bugs(bugId, deviceId, testerId) VALUES(5,6,3);
INSERT INTO bugs(bugId, deviceId, testerId) VALUES(6,8,7);
INSERT INTO bugs(bugId, deviceId, testerId) VALUES(7,9,9);
INSERT INTO bugs(bugId, deviceId, testerId) VALUES(8,7,5);
INSERT INTO bugs(bugId, deviceId, testerId) VALUES(9,5,9);
INSERT INTO bugs(bugId, deviceId, testerId) VALUES(10,1,4);
INSERT INTO bugs(bugId, deviceId, testerId) VALUES(11,2,4);
INSERT INTO bugs(bugId, deviceId, testerId) VALUES(12,9,9);
INSERT INTO bugs(bugId, deviceId, testerId) VALUES(13,8,9);
INSERT INTO bugs(bugId, deviceId, testerId) VALUES(14,3,3);
INSERT INTO bugs(bugId, deviceId, testerId) VALUES(15,5,9);
INSERT INTO bugs(bugId, deviceId, testerId) VALUES(16,1,1);
INSERT INTO bugs(bugId, deviceId, testerId) VALUES(17,1,4);
INSERT INTO bugs(bugId, deviceId, testerId) VALUES(18,3,6);
INSERT INTO bugs(bugId, deviceId, testerId) VALUES(19,6,9);
INSERT INTO bugs(bugId, deviceId, testerId) VALUES(20,4,3);
INSERT INTO bugs(bugId, deviceId, testerId) VALUES(21,3,1);
INSERT INTO bugs(bugId, deviceId, testerId) VALUES(22,10,1);
INSERT INTO bugs(bugId, deviceId, testerId) VALUES(23,3,1);
INSERT INTO bugs(bugId, deviceId, testerId) VALUES(24,3,6);
INSERT INTO bugs(bugId, deviceId, testerId) VALUES(25,5,5);
INSERT INTO bugs(bugId, deviceId, testerId) VALUES(26,5,3);
INSERT INTO bugs(bugId, deviceId, testerId) VALUES(27,3,6);
INSERT INTO bugs(bugId, deviceId, testerId) VALUES(28,6,9);
INSERT INTO bugs(bugId, deviceId, testerId) VALUES(29,6,8);
INSERT INTO bugs(bugId, deviceId, testerId) VALUES(30,4,3);
INSERT INTO bugs(bugId, deviceId, testerId) VALUES(31,1,5);
INSERT INTO bugs(bugId, deviceId, testerId) VALUES(32,6,9);
INSERT INTO bugs(bugId, deviceId, testerId) VALUES(33,1,4);
INSERT INTO bugs(bugId, deviceId, testerId) VALUES(34,5,3);
INSERT INTO bugs(bugId, deviceId, testerId) VALUES(35,3,6);
INSERT INTO bugs(bugId, deviceId, testerId) VALUES(36,3,6);
INSERT INTO bugs(bugId, deviceId, testerId) VALUES(37,7,5);
INSERT INTO bugs(bugId, deviceId, testerId) VALUES(38,10,1);
INSERT INTO bugs(bugId, deviceId, testerId) VALUES(39,2,4);
INSERT INTO bugs(bugId, deviceId, testerId) VALUES(40,3,6);
INSERT INTO bugs(bugId, deviceId, testerId) VALUES(41,9,8);
INSERT INTO bugs(bugId, deviceId, testerId) VALUES(42,9,9);
INSERT INTO bugs(bugId, deviceId, testerId) VALUES(43,10,8);
INSERT INTO bugs(bugId, deviceId, testerId) VALUES(44,1,1);
INSERT INTO bugs(bugId, deviceId, testerId) VALUES(45,8,9);
INSERT INTO bugs(bugId, deviceId, testerId) VALUES(46,4,3);
INSERT INTO bugs(bugId, deviceId, testerId) VALUES(47,3,1);
INSERT INTO bugs(bugId, deviceId, testerId) VALUES(48,2,1);
INSERT INTO bugs(bugId, deviceId, testerId) VALUES(49,8,9);
INSERT INTO bugs(bugId, deviceId, testerId) VALUES(50,3,6);
INSERT INTO bugs(bugId, deviceId, testerId) VALUES(51,7,7);
INSERT INTO bugs(bugId, deviceId, testerId) VALUES(52,2,4);
INSERT INTO bugs(bugId, deviceId, testerId) VALUES(53,8,7);
INSERT INTO bugs(bugId, deviceId, testerId) VALUES(54,4,7);
INSERT INTO bugs(bugId, deviceId, testerId) VALUES(55,10,8);
INSERT INTO bugs(bugId, deviceId, testerId) VALUES(56,2,4);
INSERT INTO bugs(bugId, deviceId, testerId) VALUES(57,3,1);
INSERT INTO bugs(bugId, deviceId, testerId) VALUES(58,1,4);
INSERT INTO bugs(bugId, deviceId, testerId) VALUES(59,2,4);
INSERT INTO bugs(bugId, deviceId, testerId) VALUES(60,8,9);
INSERT INTO bugs(bugId, deviceId, testerId) VALUES(61,5,5);
INSERT INTO bugs(bugId, deviceId, testerId) VALUES(62,10,8);
INSERT INTO bugs(bugId, deviceId, testerId) VALUES(63,2,4);
INSERT INTO bugs(bugId, deviceId, testerId) VALUES(64,7,5);
INSERT INTO bugs(bugId, deviceId, testerId) VALUES(65,2,4);
INSERT INTO bugs(bugId, deviceId, testerId) VALUES(66,9,2);
INSERT INTO bugs(bugId, deviceId, testerId) VALUES(67,4,7);
INSERT INTO bugs(bugId, deviceId, testerId) VALUES(68,3,3);
INSERT INTO bugs(bugId, deviceId, testerId) VALUES(69,6,2);
INSERT INTO bugs(bugId, deviceId, testerId) VALUES(70,9,2);
INSERT INTO bugs(bugId, deviceId, testerId) VALUES(71,3,6);
INSERT INTO bugs(bugId, deviceId, testerId) VALUES(72,4,2);
INSERT INTO bugs(bugId, deviceId, testerId) VALUES(73,2,1);
INSERT INTO bugs(bugId, deviceId, testerId) VALUES(74,4,7);
INSERT INTO bugs(bugId, deviceId, testerId) VALUES(75,5,7);
INSERT INTO bugs(bugId, deviceId, testerId) VALUES(76,6,5);
INSERT INTO bugs(bugId, deviceId, testerId) VALUES(77,7,5);
INSERT INTO bugs(bugId, deviceId, testerId) VALUES(78,5,7);
INSERT INTO bugs(bugId, deviceId, testerId) VALUES(79,8,7);
INSERT INTO bugs(bugId, deviceId, testerId) VALUES(80,5,2);
INSERT INTO bugs(bugId, deviceId, testerId) VALUES(81,4,7);
INSERT INTO bugs(bugId, deviceId, testerId) VALUES(82,2,4);
INSERT INTO bugs(bugId, deviceId, testerId) VALUES(83,2,4);
INSERT INTO bugs(bugId, deviceId, testerId) VALUES(84,5,9);
INSERT INTO bugs(bugId, deviceId, testerId) VALUES(85,1,4);
INSERT INTO bugs(bugId, deviceId, testerId) VALUES(86,3,3);
INSERT INTO bugs(bugId, deviceId, testerId) VALUES(87,5,2);
INSERT INTO bugs(bugId, deviceId, testerId) VALUES(88,7,5);
INSERT INTO bugs(bugId, deviceId, testerId) VALUES(89,6,3);
INSERT INTO bugs(bugId, deviceId, testerId) VALUES(90,6,2);
INSERT INTO bugs(bugId, deviceId, testerId) VALUES(91,3,6);
INSERT INTO bugs(bugId, deviceId, testerId) VALUES(92,2,1);
INSERT INTO bugs(bugId, deviceId, testerId) VALUES(93,1,4);
INSERT INTO bugs(bugId, deviceId, testerId) VALUES(94,5,5);
INSERT INTO bugs(bugId, deviceId, testerId) VALUES(95,7,5);
INSERT INTO bugs(bugId, deviceId, testerId) VALUES(96,8,7);
INSERT INTO bugs(bugId, deviceId, testerId) VALUES(97,10,5);
INSERT INTO bugs(bugId, deviceId, testerId) VALUES(98,5,3);
INSERT INTO bugs(bugId, deviceId, testerId) VALUES(99,4,3);
INSERT INTO bugs(bugId, deviceId, testerId) VALUES(100,3,6);
INSERT INTO bugs(bugId, deviceId, testerId) VALUES(101,5,9);
INSERT INTO bugs(bugId, deviceId, testerId) VALUES(102,2,4);
INSERT INTO bugs(bugId, deviceId, testerId) VALUES(103,3,6);
INSERT INTO bugs(bugId, deviceId, testerId) VALUES(104,1,8);
INSERT INTO bugs(bugId, deviceId, testerId) VALUES(105,9,8);
INSERT INTO bugs(bugId, deviceId, testerId) VALUES(106,9,8);
INSERT INTO bugs(bugId, deviceId, testerId) VALUES(107,6,3);
INSERT INTO bugs(bugId, deviceId, testerId) VALUES(108,9,9);
INSERT INTO bugs(bugId, deviceId, testerId) VALUES(109,6,8);
INSERT INTO bugs(bugId, deviceId, testerId) VALUES(110,4,7);
INSERT INTO bugs(bugId, deviceId, testerId) VALUES(111,1,4);
INSERT INTO bugs(bugId, deviceId, testerId) VALUES(112,6,5);
INSERT INTO bugs(bugId, deviceId, testerId) VALUES(113,4,7);
INSERT INTO bugs(bugId, deviceId, testerId) VALUES(114,3,6);
INSERT INTO bugs(bugId, deviceId, testerId) VALUES(115,5,2);
INSERT INTO bugs(bugId, deviceId, testerId) VALUES(116,4,7);
INSERT INTO bugs(bugId, deviceId, testerId) VALUES(117,8,7);
INSERT INTO bugs(bugId, deviceId, testerId) VALUES(118,6,9);
INSERT INTO bugs(bugId, deviceId, testerId) VALUES(119,5,3);
INSERT INTO bugs(bugId, deviceId, testerId) VALUES(120,10,8);
INSERT INTO bugs(bugId, deviceId, testerId) VALUES(121,4,3);
INSERT INTO bugs(bugId, deviceId, testerId) VALUES(122,7,5);
INSERT INTO bugs(bugId, deviceId, testerId) VALUES(123,6,2);
INSERT INTO bugs(bugId, deviceId, testerId) VALUES(124,6,9);
INSERT INTO bugs(bugId, deviceId, testerId) VALUES(125,4,3);
INSERT INTO bugs(bugId, deviceId, testerId) VALUES(126,9,9);
INSERT INTO bugs(bugId, deviceId, testerId) VALUES(127,3,6);
INSERT INTO bugs(bugId, deviceId, testerId) VALUES(128,1,4);
INSERT INTO bugs(bugId, deviceId, testerId) VALUES(129,5,7);
INSERT INTO bugs(bugId, deviceId, testerId) VALUES(130,1,4);
INSERT INTO bugs(bugId, deviceId, testerId) VALUES(131,6,5);
INSERT INTO bugs(bugId, deviceId, testerId) VALUES(132,3,3);
INSERT INTO bugs(bugId, deviceId, testerId) VALUES(133,3,6);
INSERT INTO bugs(bugId, deviceId, testerId) VALUES(134,6,5);
INSERT INTO bugs(bugId, deviceId, testerId) VALUES(135,3,3);
INSERT INTO bugs(bugId, deviceId, testerId) VALUES(136,7,5);
INSERT INTO bugs(bugId, deviceId, testerId) VALUES(137,7,5);
INSERT INTO bugs(bugId, deviceId, testerId) VALUES(138,3,1);
INSERT INTO bugs(bugId, deviceId, testerId) VALUES(139,3,6);
INSERT INTO bugs(bugId, deviceId, testerId) VALUES(140,7,5);
INSERT INTO bugs(bugId, deviceId, testerId) VALUES(141,10,1);
INSERT INTO bugs(bugId, deviceId, testerId) VALUES(142,5,3);
INSERT INTO bugs(bugId, deviceId, testerId) VALUES(143,6,9);
INSERT INTO bugs(bugId, deviceId, testerId) VALUES(144,1,1);
INSERT INTO bugs(bugId, deviceId, testerId) VALUES(145,3,6);
INSERT INTO bugs(bugId, deviceId, testerId) VALUES(146,2,4);
INSERT INTO bugs(bugId, deviceId, testerId) VALUES(147,3,6);
INSERT INTO bugs(bugId, deviceId, testerId) VALUES(148,5,5);
INSERT INTO bugs(bugId, deviceId, testerId) VALUES(149,2,4);
INSERT INTO bugs(bugId, deviceId, testerId) VALUES(150,3,6);
INSERT INTO bugs(bugId, deviceId, testerId) VALUES(151,10,1);
INSERT INTO bugs(bugId, deviceId, testerId) VALUES(152,3,3);
INSERT INTO bugs(bugId, deviceId, testerId) VALUES(153,6,8);
INSERT INTO bugs(bugId, deviceId, testerId) VALUES(154,1,4);
INSERT INTO bugs(bugId, deviceId, testerId) VALUES(155,3,6);
INSERT INTO bugs(bugId, deviceId, testerId) VALUES(156,3,6);
INSERT INTO bugs(bugId, deviceId, testerId) VALUES(157,9,9);
INSERT INTO bugs(bugId, deviceId, testerId) VALUES(158,3,6);
INSERT INTO bugs(bugId, deviceId, testerId) VALUES(159,10,5);
INSERT INTO bugs(bugId, deviceId, testerId) VALUES(160,5,7);
INSERT INTO bugs(bugId, deviceId, testerId) VALUES(161,5,7);
INSERT INTO bugs(bugId, deviceId, testerId) VALUES(162,2,4);
INSERT INTO bugs(bugId, deviceId, testerId) VALUES(163,9,9);
INSERT INTO bugs(bugId, deviceId, testerId) VALUES(164,1,1);
INSERT INTO bugs(bugId, deviceId, testerId) VALUES(165,9,9);
INSERT INTO bugs(bugId, deviceId, testerId) VALUES(166,3,6);
INSERT INTO bugs(bugId, deviceId, testerId) VALUES(167,9,9);
INSERT INTO bugs(bugId, deviceId, testerId) VALUES(168,3,8);
INSERT INTO bugs(bugId, deviceId, testerId) VALUES(169,2,4);
INSERT INTO bugs(bugId, deviceId, testerId) VALUES(170,10,1);
INSERT INTO bugs(bugId, deviceId, testerId) VALUES(171,1,4);
INSERT INTO bugs(bugId, deviceId, testerId) VALUES(172,5,3);
INSERT INTO bugs(bugId, deviceId, testerId) VALUES(173,8,2);
INSERT INTO bugs(bugId, deviceId, testerId) VALUES(174,8,9);
INSERT INTO bugs(bugId, deviceId, testerId) VALUES(175,10,1);
INSERT INTO bugs(bugId, deviceId, testerId) VALUES(176,9,2);
INSERT INTO bugs(bugId, deviceId, testerId) VALUES(177,1,5);
INSERT INTO bugs(bugId, deviceId, testerId) VALUES(178,3,3);
INSERT INTO bugs(bugId, deviceId, testerId) VALUES(179,7,5);
INSERT INTO bugs(bugId, deviceId, testerId) VALUES(180,7,2);
INSERT INTO bugs(bugId, deviceId, testerId) VALUES(181,6,7);
INSERT INTO bugs(bugId, deviceId, testerId) VALUES(182,2,4);
INSERT INTO bugs(bugId, deviceId, testerId) VALUES(183,1,4);
INSERT INTO bugs(bugId, deviceId, testerId) VALUES(184,1,4);
INSERT INTO bugs(bugId, deviceId, testerId) VALUES(185,1,1);
INSERT INTO bugs(bugId, deviceId, testerId) VALUES(186,2,1);
INSERT INTO bugs(bugId, deviceId, testerId) VALUES(187,7,2);
INSERT INTO bugs(bugId, deviceId, testerId) VALUES(188,8,2);
INSERT INTO bugs(bugId, deviceId, testerId) VALUES(189,4,2);
INSERT INTO bugs(bugId, deviceId, testerId) VALUES(190,2,1);
INSERT INTO bugs(bugId, deviceId, testerId) VALUES(191,3,6);
INSERT INTO bugs(bugId, deviceId, testerId) VALUES(192,6,7);
INSERT INTO bugs(bugId, deviceId, testerId) VALUES(193,8,2);
INSERT INTO bugs(bugId, deviceId, testerId) VALUES(194,1,5);
INSERT INTO bugs(bugId, deviceId, testerId) VALUES(195,9,9);
INSERT INTO bugs(bugId, deviceId, testerId) VALUES(196,8,2);
INSERT INTO bugs(bugId, deviceId, testerId) VALUES(197,4,3);
INSERT INTO bugs(bugId, deviceId, testerId) VALUES(198,7,5);
INSERT INTO bugs(bugId, deviceId, testerId) VALUES(199,3,1);
INSERT INTO bugs(bugId, deviceId, testerId) VALUES(200,4,7);
INSERT INTO bugs(bugId, deviceId, testerId) VALUES(201,2,4);
INSERT INTO bugs(bugId, deviceId, testerId) VALUES(202,9,9);
INSERT INTO bugs(bugId, deviceId, testerId) VALUES(203,3,1);
INSERT INTO bugs(bugId, deviceId, testerId) VALUES(204,8,7);
INSERT INTO bugs(bugId, deviceId, testerId) VALUES(205,1,4);
INSERT INTO bugs(bugId, deviceId, testerId) VALUES(206,7,7);
INSERT INTO bugs(bugId, deviceId, testerId) VALUES(207,3,3);
INSERT INTO bugs(bugId, deviceId, testerId) VALUES(208,1,5);
INSERT INTO bugs(bugId, deviceId, testerId) VALUES(209,7,2);
INSERT INTO bugs(bugId, deviceId, testerId) VALUES(210,1,8);
INSERT INTO bugs(bugId, deviceId, testerId) VALUES(211,10,5);
INSERT INTO bugs(bugId, deviceId, testerId) VALUES(212,7,2);
INSERT INTO bugs(bugId, deviceId, testerId) VALUES(213,7,5);
INSERT INTO bugs(bugId, deviceId, testerId) VALUES(214,5,5);
INSERT INTO bugs(bugId, deviceId, testerId) VALUES(215,9,9);
INSERT INTO bugs(bugId, deviceId, testerId) VALUES(216,3,6);
INSERT INTO bugs(bugId, deviceId, testerId) VALUES(217,1,4);
INSERT INTO bugs(bugId, deviceId, testerId) VALUES(218,5,9);
INSERT INTO bugs(bugId, deviceId, testerId) VALUES(219,2,4);
INSERT INTO bugs(bugId, deviceId, testerId) VALUES(220,2,4);
INSERT INTO bugs(bugId, deviceId, testerId) VALUES(221,5,5);
INSERT INTO bugs(bugId, deviceId, testerId) VALUES(222,1,5);
INSERT INTO bugs(bugId, deviceId, testerId) VALUES(223,3,6);
INSERT INTO bugs(bugId, deviceId, testerId) VALUES(224,10,5);
INSERT INTO bugs(bugId, deviceId, testerId) VALUES(225,6,3);
INSERT INTO bugs(bugId, deviceId, testerId) VALUES(226,3,6);
INSERT INTO bugs(bugId, deviceId, testerId) VALUES(227,8,2);
INSERT INTO bugs(bugId, deviceId, testerId) VALUES(228,3,3);
INSERT INTO bugs(bugId, deviceId, testerId) VALUES(229,8,9);
INSERT INTO bugs(bugId, deviceId, testerId) VALUES(230,3,6);
INSERT INTO bugs(bugId, deviceId, testerId) VALUES(231,1,4);
INSERT INTO bugs(bugId, deviceId, testerId) VALUES(232,9,8);
INSERT INTO bugs(bugId, deviceId, testerId) VALUES(233,2,1);
INSERT INTO bugs(bugId, deviceId, testerId) VALUES(234,3,6);
INSERT INTO bugs(bugId, deviceId, testerId) VALUES(235,10,1);
INSERT INTO bugs(bugId, deviceId, testerId) VALUES(236,3,8);
INSERT INTO bugs(bugId, deviceId, testerId) VALUES(237,5,2);
INSERT INTO bugs(bugId, deviceId, testerId) VALUES(238,10,8);
INSERT INTO bugs(bugId, deviceId, testerId) VALUES(239,10,1);
INSERT INTO bugs(bugId, deviceId, testerId) VALUES(240,8,9);
INSERT INTO bugs(bugId, deviceId, testerId) VALUES(241,1,4);
INSERT INTO bugs(bugId, deviceId, testerId) VALUES(242,6,9);
INSERT INTO bugs(bugId, deviceId, testerId) VALUES(243,3,6);
INSERT INTO bugs(bugId, deviceId, testerId) VALUES(244,5,5);
INSERT INTO bugs(bugId, deviceId, testerId) VALUES(245,2,4);
INSERT INTO bugs(bugId, deviceId, testerId) VALUES(246,1,8);
INSERT INTO bugs(bugId, deviceId, testerId) VALUES(247,6,5);
INSERT INTO bugs(bugId, deviceId, testerId) VALUES(248,1,1);
INSERT INTO bugs(bugId, deviceId, testerId) VALUES(249,5,5);
INSERT INTO bugs(bugId, deviceId, testerId) VALUES(250,3,6);
INSERT INTO bugs(bugId, deviceId, testerId) VALUES(251,1,4);
INSERT INTO bugs(bugId, deviceId, testerId) VALUES(252,10,5);
INSERT INTO bugs(bugId, deviceId, testerId) VALUES(253,1,4);
INSERT INTO bugs(bugId, deviceId, testerId) VALUES(254,7,7);
INSERT INTO bugs(bugId, deviceId, testerId) VALUES(255,6,3);
INSERT INTO bugs(bugId, deviceId, testerId) VALUES(256,7,7);
INSERT INTO bugs(bugId, deviceId, testerId) VALUES(257,6,7);
INSERT INTO bugs(bugId, deviceId, testerId) VALUES(258,7,7);
INSERT INTO bugs(bugId, deviceId, testerId) VALUES(259,6,3);
INSERT INTO bugs(bugId, deviceId, testerId) VALUES(260,6,7);
INSERT INTO bugs(bugId, deviceId, testerId) VALUES(261,10,1);
INSERT INTO bugs(bugId, deviceId, testerId) VALUES(262,5,3);
INSERT INTO bugs(bugId, deviceId, testerId) VALUES(263,6,7);
INSERT INTO bugs(bugId, deviceId, testerId) VALUES(264,2,4);
INSERT INTO bugs(bugId, deviceId, testerId) VALUES(265,5,5);
INSERT INTO bugs(bugId, deviceId, testerId) VALUES(266,9,9);
INSERT INTO bugs(bugId, deviceId, testerId) VALUES(267,1,1);
INSERT INTO bugs(bugId, deviceId, testerId) VALUES(268,5,7);
INSERT INTO bugs(bugId, deviceId, testerId) VALUES(269,5,9);
INSERT INTO bugs(bugId, deviceId, testerId) VALUES(270,8,7);
INSERT INTO bugs(bugId, deviceId, testerId) VALUES(271,1,4);
INSERT INTO bugs(bugId, deviceId, testerId) VALUES(272,8,2);
INSERT INTO bugs(bugId, deviceId, testerId) VALUES(273,3,1);
INSERT INTO bugs(bugId, deviceId, testerId) VALUES(274,2,4);
INSERT INTO bugs(bugId, deviceId, testerId) VALUES(275,3,6);
INSERT INTO bugs(bugId, deviceId, testerId) VALUES(276,6,9);
INSERT INTO bugs(bugId, deviceId, testerId) VALUES(277,8,2);
INSERT INTO bugs(bugId, deviceId, testerId) VALUES(278,7,5);
INSERT INTO bugs(bugId, deviceId, testerId) VALUES(279,10,1);
INSERT INTO bugs(bugId, deviceId, testerId) VALUES(280,6,9);
INSERT INTO bugs(bugId, deviceId, testerId) VALUES(281,3,6);
INSERT INTO bugs(bugId, deviceId, testerId) VALUES(282,1,4);
INSERT INTO bugs(bugId, deviceId, testerId) VALUES(283,9,9);
INSERT INTO bugs(bugId, deviceId, testerId) VALUES(284,10,5);
INSERT INTO bugs(bugId, deviceId, testerId) VALUES(285,4,3);
INSERT INTO bugs(bugId, deviceId, testerId) VALUES(286,3,6);
INSERT INTO bugs(bugId, deviceId, testerId) VALUES(287,3,3);
INSERT INTO bugs(bugId, deviceId, testerId) VALUES(288,1,4);
INSERT INTO bugs(bugId, deviceId, testerId) VALUES(289,6,3);
INSERT INTO bugs(bugId, deviceId, testerId) VALUES(290,8,7);
INSERT INTO bugs(bugId, deviceId, testerId) VALUES(291,9,2);
INSERT INTO bugs(bugId, deviceId, testerId) VALUES(292,3,8);
INSERT INTO bugs(bugId, deviceId, testerId) VALUES(293,8,9);
INSERT INTO bugs(bugId, deviceId, testerId) VALUES(294,7,2);
INSERT INTO bugs(bugId, deviceId, testerId) VALUES(295,6,8);
INSERT INTO bugs(bugId, deviceId, testerId) VALUES(296,3,8);
INSERT INTO bugs(bugId, deviceId, testerId) VALUES(297,5,7);
INSERT INTO bugs(bugId, deviceId, testerId) VALUES(298,1,8);
INSERT INTO bugs(bugId, deviceId, testerId) VALUES(299,10,8);
INSERT INTO bugs(bugId, deviceId, testerId) VALUES(300,9,2);
INSERT INTO bugs(bugId, deviceId, testerId) VALUES(301,9,2);
INSERT INTO bugs(bugId, deviceId, testerId) VALUES(302,3,8);
INSERT INTO bugs(bugId, deviceId, testerId) VALUES(303,3,6);
INSERT INTO bugs(bugId, deviceId, testerId) VALUES(304,3,6);
INSERT INTO bugs(bugId, deviceId, testerId) VALUES(305,4,2);
INSERT INTO bugs(bugId, deviceId, testerId) VALUES(306,3,8);
INSERT INTO bugs(bugId, deviceId, testerId) VALUES(307,1,5);
INSERT INTO bugs(bugId, deviceId, testerId) VALUES(308,4,3);
INSERT INTO bugs(bugId, deviceId, testerId) VALUES(309,6,7);
INSERT INTO bugs(bugId, deviceId, testerId) VALUES(310,6,7);
INSERT INTO bugs(bugId, deviceId, testerId) VALUES(311,9,2);
INSERT INTO bugs(bugId, deviceId, testerId) VALUES(312,3,8);
INSERT INTO bugs(bugId, deviceId, testerId) VALUES(313,3,6);
INSERT INTO bugs(bugId, deviceId, testerId) VALUES(314,4,2);
INSERT INTO bugs(bugId, deviceId, testerId) VALUES(315,10,1);
INSERT INTO bugs(bugId, deviceId, testerId) VALUES(316,8,7);
INSERT INTO bugs(bugId, deviceId, testerId) VALUES(317,7,2);
INSERT INTO bugs(bugId, deviceId, testerId) VALUES(318,5,3);
INSERT INTO bugs(bugId, deviceId, testerId) VALUES(319,1,4);
INSERT INTO bugs(bugId, deviceId, testerId) VALUES(320,3,6);
INSERT INTO bugs(bugId, deviceId, testerId) VALUES(321,7,7);
INSERT INTO bugs(bugId, deviceId, testerId) VALUES(322,10,1);
INSERT INTO bugs(bugId, deviceId, testerId) VALUES(323,1,4);
INSERT INTO bugs(bugId, deviceId, testerId) VALUES(324,5,9);
INSERT INTO bugs(bugId, deviceId, testerId) VALUES(325,6,3);
INSERT INTO bugs(bugId, deviceId, testerId) VALUES(326,9,8);
INSERT INTO bugs(bugId, deviceId, testerId) VALUES(327,5,3);
INSERT INTO bugs(bugId, deviceId, testerId) VALUES(328,9,9);
INSERT INTO bugs(bugId, deviceId, testerId) VALUES(329,10,8);
INSERT INTO bugs(bugId, deviceId, testerId) VALUES(330,10,1);
INSERT INTO bugs(bugId, deviceId, testerId) VALUES(331,10,8);
INSERT INTO bugs(bugId, deviceId, testerId) VALUES(332,3,1);
INSERT INTO bugs(bugId, deviceId, testerId) VALUES(333,8,7);
INSERT INTO bugs(bugId, deviceId, testerId) VALUES(334,4,3);
INSERT INTO bugs(bugId, deviceId, testerId) VALUES(335,1,4);
INSERT INTO bugs(bugId, deviceId, testerId) VALUES(336,1,4);
INSERT INTO bugs(bugId, deviceId, testerId) VALUES(337,4,3);
INSERT INTO bugs(bugId, deviceId, testerId) VALUES(338,6,5);
INSERT INTO bugs(bugId, deviceId, testerId) VALUES(339,8,2);
INSERT INTO bugs(bugId, deviceId, testerId) VALUES(340,8,9);
INSERT INTO bugs(bugId, deviceId, testerId) VALUES(341,9,9);
INSERT INTO bugs(bugId, deviceId, testerId) VALUES(342,3,6);
INSERT INTO bugs(bugId, deviceId, testerId) VALUES(343,7,5);
INSERT INTO bugs(bugId, deviceId, testerId) VALUES(344,6,3);
INSERT INTO bugs(bugId, deviceId, testerId) VALUES(345,3,3);
INSERT INTO bugs(bugId, deviceId, testerId) VALUES(346,4,7);
INSERT INTO bugs(bugId, deviceId, testerId) VALUES(347,4,3);
INSERT INTO bugs(bugId, deviceId, testerId) VALUES(348,1,8);
INSERT INTO bugs(bugId, deviceId, testerId) VALUES(349,2,4);
INSERT INTO bugs(bugId, deviceId, testerId) VALUES(350,8,7);
INSERT INTO bugs(bugId, deviceId, testerId) VALUES(351,4,2);
INSERT INTO bugs(bugId, deviceId, testerId) VALUES(352,10,5);
INSERT INTO bugs(bugId, deviceId, testerId) VALUES(353,3,8);
INSERT INTO bugs(bugId, deviceId, testerId) VALUES(354,1,8);
INSERT INTO bugs(bugId, deviceId, testerId) VALUES(355,7,2);
INSERT INTO bugs(bugId, deviceId, testerId) VALUES(356,7,7);
INSERT INTO bugs(bugId, deviceId, testerId) VALUES(357,9,9);
INSERT INTO bugs(bugId, deviceId, testerId) VALUES(358,7,5);
INSERT INTO bugs(bugId, deviceId, testerId) VALUES(359,2,4);
INSERT INTO bugs(bugId, deviceId, testerId) VALUES(360,6,9);
INSERT INTO bugs(bugId, deviceId, testerId) VALUES(361,5,2);
INSERT INTO bugs(bugId, deviceId, testerId) VALUES(362,7,7);
INSERT INTO bugs(bugId, deviceId, testerId) VALUES(363,6,2);
INSERT INTO bugs(bugId, deviceId, testerId) VALUES(364,6,3);
INSERT INTO bugs(bugId, deviceId, testerId) VALUES(365,3,6);
INSERT INTO bugs(bugId, deviceId, testerId) VALUES(366,5,3);
INSERT INTO bugs(bugId, deviceId, testerId) VALUES(367,10,1);
INSERT INTO bugs(bugId, deviceId, testerId) VALUES(368,3,1);
INSERT INTO bugs(bugId, deviceId, testerId) VALUES(369,4,2);
INSERT INTO bugs(bugId, deviceId, testerId) VALUES(370,6,5);
INSERT INTO bugs(bugId, deviceId, testerId) VALUES(371,6,5);
INSERT INTO bugs(bugId, deviceId, testerId) VALUES(372,6,9);
INSERT INTO bugs(bugId, deviceId, testerId) VALUES(373,1,5);
INSERT INTO bugs(bugId, deviceId, testerId) VALUES(374,1,4);
INSERT INTO bugs(bugId, deviceId, testerId) VALUES(375,2,1);
INSERT INTO bugs(bugId, deviceId, testerId) VALUES(376,3,6);
INSERT INTO bugs(bugId, deviceId, testerId) VALUES(377,4,2);
INSERT INTO bugs(bugId, deviceId, testerId) VALUES(378,7,5);
INSERT INTO bugs(bugId, deviceId, testerId) VALUES(379,5,3);
INSERT INTO bugs(bugId, deviceId, testerId) VALUES(380,2,1);
INSERT INTO bugs(bugId, deviceId, testerId) VALUES(381,5,9);
INSERT INTO bugs(bugId, deviceId, testerId) VALUES(382,8,9);
INSERT INTO bugs(bugId, deviceId, testerId) VALUES(383,6,7);
INSERT INTO bugs(bugId, deviceId, testerId) VALUES(384,6,8);
INSERT INTO bugs(bugId, deviceId, testerId) VALUES(385,3,6);
INSERT INTO bugs(bugId, deviceId, testerId) VALUES(386,5,9);
INSERT INTO bugs(bugId, deviceId, testerId) VALUES(387,1,4);
INSERT INTO bugs(bugId, deviceId, testerId) VALUES(388,1,5);
INSERT INTO bugs(bugId, deviceId, testerId) VALUES(389,2,4);
INSERT INTO bugs(bugId, deviceId, testerId) VALUES(390,3,1);
INSERT INTO bugs(bugId, deviceId, testerId) VALUES(391,7,7);
INSERT INTO bugs(bugId, deviceId, testerId) VALUES(392,4,2);
INSERT INTO bugs(bugId, deviceId, testerId) VALUES(393,3,6);
INSERT INTO bugs(bugId, deviceId, testerId) VALUES(394,4,7);
INSERT INTO bugs(bugId, deviceId, testerId) VALUES(395,3,6);
INSERT INTO bugs(bugId, deviceId, testerId) VALUES(396,3,6);
INSERT INTO bugs(bugId, deviceId, testerId) VALUES(397,1,8);
INSERT INTO bugs(bugId, deviceId, testerId) VALUES(398,3,8);
INSERT INTO bugs(bugId, deviceId, testerId) VALUES(399,2,4);
INSERT INTO bugs(bugId, deviceId, testerId) VALUES(400,3,8);
INSERT INTO bugs(bugId, deviceId, testerId) VALUES(401,5,9);
INSERT INTO bugs(bugId, deviceId, testerId) VALUES(402,7,5);
INSERT INTO bugs(bugId, deviceId, testerId) VALUES(403,6,3);
INSERT INTO bugs(bugId, deviceId, testerId) VALUES(404,4,2);
INSERT INTO bugs(bugId, deviceId, testerId) VALUES(405,1,4);
INSERT INTO bugs(bugId, deviceId, testerId) VALUES(406,2,4);
INSERT INTO bugs(bugId, deviceId, testerId) VALUES(407,2,4);
INSERT INTO bugs(bugId, deviceId, testerId) VALUES(408,5,9);
INSERT INTO bugs(bugId, deviceId, testerId) VALUES(409,5,2);
INSERT INTO bugs(bugId, deviceId, testerId) VALUES(410,3,6);
INSERT INTO bugs(bugId, deviceId, testerId) VALUES(411,3,1);
INSERT INTO bugs(bugId, deviceId, testerId) VALUES(412,6,8);
INSERT INTO bugs(bugId, deviceId, testerId) VALUES(413,3,6);
INSERT INTO bugs(bugId, deviceId, testerId) VALUES(414,1,1);
INSERT INTO bugs(bugId, deviceId, testerId) VALUES(415,7,2);
INSERT INTO bugs(bugId, deviceId, testerId) VALUES(416,9,8);
INSERT INTO bugs(bugId, deviceId, testerId) VALUES(417,3,1);
INSERT INTO bugs(bugId, deviceId, testerId) VALUES(418,1,5);
INSERT INTO bugs(bugId, deviceId, testerId) VALUES(419,1,4);
INSERT INTO bugs(bugId, deviceId, testerId) VALUES(420,9,9);
INSERT INTO bugs(bugId, deviceId, testerId) VALUES(421,6,9);
INSERT INTO bugs(bugId, deviceId, testerId) VALUES(422,5,7);
INSERT INTO bugs(bugId, deviceId, testerId) VALUES(423,4,2);
INSERT INTO bugs(bugId, deviceId, testerId) VALUES(424,8,9);
INSERT INTO bugs(bugId, deviceId, testerId) VALUES(425,2,1);
INSERT INTO bugs(bugId, deviceId, testerId) VALUES(426,4,7);
INSERT INTO bugs(bugId, deviceId, testerId) VALUES(427,2,4);
INSERT INTO bugs(bugId, deviceId, testerId) VALUES(428,2,1);
INSERT INTO bugs(bugId, deviceId, testerId) VALUES(429,5,5);
INSERT INTO bugs(bugId, deviceId, testerId) VALUES(430,6,5);
INSERT INTO bugs(bugId, deviceId, testerId) VALUES(431,1,4);
INSERT INTO bugs(bugId, deviceId, testerId) VALUES(432,6,7);
INSERT INTO bugs(bugId, deviceId, testerId) VALUES(433,6,9);
INSERT INTO bugs(bugId, deviceId, testerId) VALUES(434,1,4);
INSERT INTO bugs(bugId, deviceId, testerId) VALUES(435,9,9);
INSERT INTO bugs(bugId, deviceId, testerId) VALUES(436,7,7);
INSERT INTO bugs(bugId, deviceId, testerId) VALUES(437,2,1);
INSERT INTO bugs(bugId, deviceId, testerId) VALUES(438,10,8);
INSERT INTO bugs(bugId, deviceId, testerId) VALUES(439,1,1);
INSERT INTO bugs(bugId, deviceId, testerId) VALUES(440,2,4);
INSERT INTO bugs(bugId, deviceId, testerId) VALUES(441,5,9);
INSERT INTO bugs(bugId, deviceId, testerId) VALUES(442,2,1);
INSERT INTO bugs(bugId, deviceId, testerId) VALUES(443,3,6);
INSERT INTO bugs(bugId, deviceId, testerId) VALUES(444,5,9);
INSERT INTO bugs(bugId, deviceId, testerId) VALUES(445,3,1);
INSERT INTO bugs(bugId, deviceId, testerId) VALUES(446,6,3);
INSERT INTO bugs(bugId, deviceId, testerId) VALUES(447,6,7);
INSERT INTO bugs(bugId, deviceId, testerId) VALUES(448,2,4);
INSERT INTO bugs(bugId, deviceId, testerId) VALUES(449,1,4);
INSERT INTO bugs(bugId, deviceId, testerId) VALUES(450,3,6);
INSERT INTO bugs(bugId, deviceId, testerId) VALUES(451,1,1);
INSERT INTO bugs(bugId, deviceId, testerId) VALUES(452,4,3);
INSERT INTO bugs(bugId, deviceId, testerId) VALUES(453,5,5);
INSERT INTO bugs(bugId, deviceId, testerId) VALUES(454,1,4);
INSERT INTO bugs(bugId, deviceId, testerId) VALUES(455,4,3);
INSERT INTO bugs(bugId, deviceId, testerId) VALUES(456,2,4);
INSERT INTO bugs(bugId, deviceId, testerId) VALUES(457,3,6);
INSERT INTO bugs(bugId, deviceId, testerId) VALUES(458,1,4);
INSERT INTO bugs(bugId, deviceId, testerId) VALUES(459,3,8);
INSERT INTO bugs(bugId, deviceId, testerId) VALUES(460,3,6);
INSERT INTO bugs(bugId, deviceId, testerId) VALUES(461,7,2);
INSERT INTO bugs(bugId, deviceId, testerId) VALUES(462,9,9);
INSERT INTO bugs(bugId, deviceId, testerId) VALUES(463,3,6);
INSERT INTO bugs(bugId, deviceId, testerId) VALUES(464,8,2);
INSERT INTO bugs(bugId, deviceId, testerId) VALUES(465,2,4);
INSERT INTO bugs(bugId, deviceId, testerId) VALUES(466,2,1);
INSERT INTO bugs(bugId, deviceId, testerId) VALUES(467,2,1);
INSERT INTO bugs(bugId, deviceId, testerId) VALUES(468,6,9);
INSERT INTO bugs(bugId, deviceId, testerId) VALUES(469,5,9);
INSERT INTO bugs(bugId, deviceId, testerId) VALUES(470,10,5);
INSERT INTO bugs(bugId, deviceId, testerId) VALUES(471,9,8);
INSERT INTO bugs(bugId, deviceId, testerId) VALUES(472,1,4);
INSERT INTO bugs(bugId, deviceId, testerId) VALUES(473,6,9);
INSERT INTO bugs(bugId, deviceId, testerId) VALUES(474,6,5);
INSERT INTO bugs(bugId, deviceId, testerId) VALUES(475,6,3);
INSERT INTO bugs(bugId, deviceId, testerId) VALUES(476,7,2);
INSERT INTO bugs(bugId, deviceId, testerId) VALUES(477,3,6);
INSERT INTO bugs(bugId, deviceId, testerId) VALUES(478,4,7);
INSERT INTO bugs(bugId, deviceId, testerId) VALUES(479,5,7);
INSERT INTO bugs(bugId, deviceId, testerId) VALUES(480,3,6);
INSERT INTO bugs(bugId, deviceId, testerId) VALUES(481,3,6);
INSERT INTO bugs(bugId, deviceId, testerId) VALUES(482,5,7);
INSERT INTO bugs(bugId, deviceId, testerId) VALUES(483,5,3);
INSERT INTO bugs(bugId, deviceId, testerId) VALUES(484,3,8);
INSERT INTO bugs(bugId, deviceId, testerId) VALUES(485,6,3);
INSERT INTO bugs(bugId, deviceId, testerId) VALUES(486,3,1);
INSERT INTO bugs(bugId, deviceId, testerId) VALUES(487,6,8);
INSERT INTO bugs(bugId, deviceId, testerId) VALUES(488,7,7);
INSERT INTO bugs(bugId, deviceId, testerId) VALUES(489,3,6);
INSERT INTO bugs(bugId, deviceId, testerId) VALUES(490,3,6);
INSERT INTO bugs(bugId, deviceId, testerId) VALUES(491,3,6);
INSERT INTO bugs(bugId, deviceId, testerId) VALUES(492,1,4);
INSERT INTO bugs(bugId, deviceId, testerId) VALUES(493,10,8);
INSERT INTO bugs(bugId, deviceId, testerId) VALUES(494,6,3);
INSERT INTO bugs(bugId, deviceId, testerId) VALUES(495,6,8);
INSERT INTO bugs(bugId, deviceId, testerId) VALUES(496,5,3);
INSERT INTO bugs(bugId, deviceId, testerId) VALUES(497,3,6);
INSERT INTO bugs(bugId, deviceId, testerId) VALUES(498,10,1);
INSERT INTO bugs(bugId, deviceId, testerId) VALUES(499,5,7);
INSERT INTO bugs(bugId, deviceId, testerId) VALUES(500,3,6);
INSERT INTO bugs(bugId, deviceId, testerId) VALUES(501,10,8);
INSERT INTO bugs(bugId, deviceId, testerId) VALUES(502,6,8);
INSERT INTO bugs(bugId, deviceId, testerId) VALUES(503,3,6);
INSERT INTO bugs(bugId, deviceId, testerId) VALUES(504,3,6);
INSERT INTO bugs(bugId, deviceId, testerId) VALUES(505,2,4);
INSERT INTO bugs(bugId, deviceId, testerId) VALUES(506,3,8);
INSERT INTO bugs(bugId, deviceId, testerId) VALUES(507,3,3);
INSERT INTO bugs(bugId, deviceId, testerId) VALUES(508,6,8);
INSERT INTO bugs(bugId, deviceId, testerId) VALUES(509,3,8);
INSERT INTO bugs(bugId, deviceId, testerId) VALUES(510,3,3);
INSERT INTO bugs(bugId, deviceId, testerId) VALUES(511,6,8);
INSERT INTO bugs(bugId, deviceId, testerId) VALUES(512,5,5);
INSERT INTO bugs(bugId, deviceId, testerId) VALUES(513,7,5);
INSERT INTO bugs(bugId, deviceId, testerId) VALUES(514,5,7);
INSERT INTO bugs(bugId, deviceId, testerId) VALUES(515,2,4);
INSERT INTO bugs(bugId, deviceId, testerId) VALUES(516,5,2);
INSERT INTO bugs(bugId, deviceId, testerId) VALUES(517,3,3);
INSERT INTO bugs(bugId, deviceId, testerId) VALUES(518,6,3);
INSERT INTO bugs(bugId, deviceId, testerId) VALUES(519,3,6);
INSERT INTO bugs(bugId, deviceId, testerId) VALUES(520,1,5);
INSERT INTO bugs(bugId, deviceId, testerId) VALUES(521,10,5);
INSERT INTO bugs(bugId, deviceId, testerId) VALUES(522,4,3);
INSERT INTO bugs(bugId, deviceId, testerId) VALUES(523,9,8);
INSERT INTO bugs(bugId, deviceId, testerId) VALUES(524,10,1);
INSERT INTO bugs(bugId, deviceId, testerId) VALUES(525,9,2);
INSERT INTO bugs(bugId, deviceId, testerId) VALUES(526,3,3);
INSERT INTO bugs(bugId, deviceId, testerId) VALUES(527,8,7);
INSERT INTO bugs(bugId, deviceId, testerId) VALUES(528,4,2);
INSERT INTO bugs(bugId, deviceId, testerId) VALUES(529,3,6);
INSERT INTO bugs(bugId, deviceId, testerId) VALUES(530,10,8);
INSERT INTO bugs(bugId, deviceId, testerId) VALUES(531,3,6);
INSERT INTO bugs(bugId, deviceId, testerId) VALUES(532,3,3);
INSERT INTO bugs(bugId, deviceId, testerId) VALUES(533,4,3);
INSERT INTO bugs(bugId, deviceId, testerId) VALUES(534,2,1);
INSERT INTO bugs(bugId, deviceId, testerId) VALUES(535,9,8);
INSERT INTO bugs(bugId, deviceId, testerId) VALUES(536,5,7);
INSERT INTO bugs(bugId, deviceId, testerId) VALUES(537,8,9);
INSERT INTO bugs(bugId, deviceId, testerId) VALUES(538,3,6);
INSERT INTO bugs(bugId, deviceId, testerId) VALUES(539,5,2);
INSERT INTO bugs(bugId, deviceId, testerId) VALUES(540,1,4);
INSERT INTO bugs(bugId, deviceId, testerId) VALUES(541,4,2);
INSERT INTO bugs(bugId, deviceId, testerId) VALUES(542,5,3);
INSERT INTO bugs(bugId, deviceId, testerId) VALUES(543,10,1);
INSERT INTO bugs(bugId, deviceId, testerId) VALUES(544,10,1);
INSERT INTO bugs(bugId, deviceId, testerId) VALUES(545,5,3);
INSERT INTO bugs(bugId, deviceId, testerId) VALUES(546,5,3);
INSERT INTO bugs(bugId, deviceId, testerId) VALUES(547,1,8);
INSERT INTO bugs(bugId, deviceId, testerId) VALUES(548,1,4);
INSERT INTO bugs(bugId, deviceId, testerId) VALUES(549,1,4);
INSERT INTO bugs(bugId, deviceId, testerId) VALUES(550,8,9);
INSERT INTO bugs(bugId, deviceId, testerId) VALUES(551,1,4);
INSERT INTO bugs(bugId, deviceId, testerId) VALUES(552,3,1);
INSERT INTO bugs(bugId, deviceId, testerId) VALUES(553,3,1);
INSERT INTO bugs(bugId, deviceId, testerId) VALUES(554,3,1);
INSERT INTO bugs(bugId, deviceId, testerId) VALUES(555,9,9);
INSERT INTO bugs(bugId, deviceId, testerId) VALUES(556,3,6);
INSERT INTO bugs(bugId, deviceId, testerId) VALUES(557,1,8);
INSERT INTO bugs(bugId, deviceId, testerId) VALUES(558,6,7);
INSERT INTO bugs(bugId, deviceId, testerId) VALUES(559,2,1);
INSERT INTO bugs(bugId, deviceId, testerId) VALUES(560,3,6);
INSERT INTO bugs(bugId, deviceId, testerId) VALUES(561,6,5);
INSERT INTO bugs(bugId, deviceId, testerId) VALUES(562,4,2);
INSERT INTO bugs(bugId, deviceId, testerId) VALUES(563,10,8);
INSERT INTO bugs(bugId, deviceId, testerId) VALUES(564,8,9);
INSERT INTO bugs(bugId, deviceId, testerId) VALUES(565,5,2);
INSERT INTO bugs(bugId, deviceId, testerId) VALUES(566,3,1);
INSERT INTO bugs(bugId, deviceId, testerId) VALUES(567,6,7);
INSERT INTO bugs(bugId, deviceId, testerId) VALUES(568,3,3);
INSERT INTO bugs(bugId, deviceId, testerId) VALUES(569,2,4);
INSERT INTO bugs(bugId, deviceId, testerId) VALUES(570,10,5);
INSERT INTO bugs(bugId, deviceId, testerId) VALUES(571,6,2);
INSERT INTO bugs(bugId, deviceId, testerId) VALUES(572,4,2);
INSERT INTO bugs(bugId, deviceId, testerId) VALUES(573,9,8);
INSERT INTO bugs(bugId, deviceId, testerId) VALUES(574,7,7);
INSERT INTO bugs(bugId, deviceId, testerId) VALUES(575,3,6);
INSERT INTO bugs(bugId, deviceId, testerId) VALUES(576,4,3);
INSERT INTO bugs(bugId, deviceId, testerId) VALUES(577,7,7);
INSERT INTO bugs(bugId, deviceId, testerId) VALUES(578,7,5);
INSERT INTO bugs(bugId, deviceId, testerId) VALUES(579,9,9);
INSERT INTO bugs(bugId, deviceId, testerId) VALUES(580,6,9);
INSERT INTO bugs(bugId, deviceId, testerId) VALUES(581,4,2);
INSERT INTO bugs(bugId, deviceId, testerId) VALUES(582,9,9);
INSERT INTO bugs(bugId, deviceId, testerId) VALUES(583,2,4);
INSERT INTO bugs(bugId, deviceId, testerId) VALUES(584,5,7);
INSERT INTO bugs(bugId, deviceId, testerId) VALUES(585,1,4);
INSERT INTO bugs(bugId, deviceId, testerId) VALUES(586,1,8);
INSERT INTO bugs(bugId, deviceId, testerId) VALUES(587,8,7);
INSERT INTO bugs(bugId, deviceId, testerId) VALUES(588,1,4);
INSERT INTO bugs(bugId, deviceId, testerId) VALUES(589,8,9);
INSERT INTO bugs(bugId, deviceId, testerId) VALUES(590,6,8);
INSERT INTO bugs(bugId, deviceId, testerId) VALUES(591,10,1);
INSERT INTO bugs(bugId, deviceId, testerId) VALUES(592,2,4);
INSERT INTO bugs(bugId, deviceId, testerId) VALUES(593,3,8);
INSERT INTO bugs(bugId, deviceId, testerId) VALUES(594,4,3);
INSERT INTO bugs(bugId, deviceId, testerId) VALUES(595,5,7);
INSERT INTO bugs(bugId, deviceId, testerId) VALUES(596,4,7);
INSERT INTO bugs(bugId, deviceId, testerId) VALUES(597,3,3);
INSERT INTO bugs(bugId, deviceId, testerId) VALUES(598,8,9);
INSERT INTO bugs(bugId, deviceId, testerId) VALUES(599,7,5);
INSERT INTO bugs(bugId, deviceId, testerId) VALUES(600,2,1);
INSERT INTO bugs(bugId, deviceId, testerId) VALUES(601,1,4);
INSERT INTO bugs(bugId, deviceId, testerId) VALUES(602,9,9);
INSERT INTO bugs(bugId, deviceId, testerId) VALUES(603,3,1);
INSERT INTO bugs(bugId, deviceId, testerId) VALUES(604,1,5);
INSERT INTO bugs(bugId, deviceId, testerId) VALUES(605,10,5);
INSERT INTO bugs(bugId, deviceId, testerId) VALUES(606,8,9);
INSERT INTO bugs(bugId, deviceId, testerId) VALUES(607,1,8);
INSERT INTO bugs(bugId, deviceId, testerId) VALUES(608,1,4);
INSERT INTO bugs(bugId, deviceId, testerId) VALUES(609,3,1);
INSERT INTO bugs(bugId, deviceId, testerId) VALUES(610,2,1);
INSERT INTO bugs(bugId, deviceId, testerId) VALUES(611,4,3);
INSERT INTO bugs(bugId, deviceId, testerId) VALUES(612,4,7);
INSERT INTO bugs(bugId, deviceId, testerId) VALUES(613,6,3);
INSERT INTO bugs(bugId, deviceId, testerId) VALUES(614,3,1);
INSERT INTO bugs(bugId, deviceId, testerId) VALUES(615,6,5);
INSERT INTO bugs(bugId, deviceId, testerId) VALUES(616,4,7);
INSERT INTO bugs(bugId, deviceId, testerId) VALUES(617,3,8);
INSERT INTO bugs(bugId, deviceId, testerId) VALUES(618,8,2);
INSERT INTO bugs(bugId, deviceId, testerId) VALUES(619,9,2);
INSERT INTO bugs(bugId, deviceId, testerId) VALUES(620,8,7);
INSERT INTO bugs(bugId, deviceId, testerId) VALUES(621,3,1);
INSERT INTO bugs(bugId, deviceId, testerId) VALUES(622,1,4);
INSERT INTO bugs(bugId, deviceId, testerId) VALUES(623,1,1);
INSERT INTO bugs(bugId, deviceId, testerId) VALUES(624,10,8);
INSERT INTO bugs(bugId, deviceId, testerId) VALUES(625,9,8);
INSERT INTO bugs(bugId, deviceId, testerId) VALUES(626,8,7);
INSERT INTO bugs(bugId, deviceId, testerId) VALUES(627,3,6);
INSERT INTO bugs(bugId, deviceId, testerId) VALUES(628,5,5);
INSERT INTO bugs(bugId, deviceId, testerId) VALUES(629,6,9);
INSERT INTO bugs(bugId, deviceId, testerId) VALUES(630,6,3);
INSERT INTO bugs(bugId, deviceId, testerId) VALUES(631,2,4);
INSERT INTO bugs(bugId, deviceId, testerId) VALUES(632,10,1);
INSERT INTO bugs(bugId, deviceId, testerId) VALUES(633,3,6);
INSERT INTO bugs(bugId, deviceId, testerId) VALUES(634,2,4);
INSERT INTO bugs(bugId, deviceId, testerId) VALUES(635,7,5);
INSERT INTO bugs(bugId, deviceId, testerId) VALUES(636,3,6);
INSERT INTO bugs(bugId, deviceId, testerId) VALUES(637,9,8);
INSERT INTO bugs(bugId, deviceId, testerId) VALUES(638,4,7);
INSERT INTO bugs(bugId, deviceId, testerId) VALUES(639,6,2);
INSERT INTO bugs(bugId, deviceId, testerId) VALUES(640,5,3);
INSERT INTO bugs(bugId, deviceId, testerId) VALUES(641,6,9);
INSERT INTO bugs(bugId, deviceId, testerId) VALUES(642,4,2);
INSERT INTO bugs(bugId, deviceId, testerId) VALUES(643,2,1);
INSERT INTO bugs(bugId, deviceId, testerId) VALUES(644,3,6);
INSERT INTO bugs(bugId, deviceId, testerId) VALUES(645,7,7);
INSERT INTO bugs(bugId, deviceId, testerId) VALUES(646,1,8);
INSERT INTO bugs(bugId, deviceId, testerId) VALUES(647,9,9);
INSERT INTO bugs(bugId, deviceId, testerId) VALUES(648,1,5);
INSERT INTO bugs(bugId, deviceId, testerId) VALUES(649,10,5);
INSERT INTO bugs(bugId, deviceId, testerId) VALUES(650,3,6);
INSERT INTO bugs(bugId, deviceId, testerId) VALUES(651,4,2);
INSERT INTO bugs(bugId, deviceId, testerId) VALUES(652,2,1);
INSERT INTO bugs(bugId, deviceId, testerId) VALUES(653,3,6);
INSERT INTO bugs(bugId, deviceId, testerId) VALUES(654,7,5);
INSERT INTO bugs(bugId, deviceId, testerId) VALUES(655,8,7);
INSERT INTO bugs(bugId, deviceId, testerId) VALUES(656,7,2);
INSERT INTO bugs(bugId, deviceId, testerId) VALUES(657,1,8);
INSERT INTO bugs(bugId, deviceId, testerId) VALUES(658,3,6);
INSERT INTO bugs(bugId, deviceId, testerId) VALUES(659,3,1);
INSERT INTO bugs(bugId, deviceId, testerId) VALUES(660,4,7);
INSERT INTO bugs(bugId, deviceId, testerId) VALUES(661,7,2);
INSERT INTO bugs(bugId, deviceId, testerId) VALUES(662,6,8);
INSERT INTO bugs(bugId, deviceId, testerId) VALUES(663,3,3);
INSERT INTO bugs(bugId, deviceId, testerId) VALUES(664,10,5);
INSERT INTO bugs(bugId, deviceId, testerId) VALUES(665,6,8);
INSERT INTO bugs(bugId, deviceId, testerId) VALUES(666,10,1);
INSERT INTO bugs(bugId, deviceId, testerId) VALUES(667,6,3);
INSERT INTO bugs(bugId, deviceId, testerId) VALUES(668,2,1);
INSERT INTO bugs(bugId, deviceId, testerId) VALUES(669,2,4);
INSERT INTO bugs(bugId, deviceId, testerId) VALUES(670,3,3);
INSERT INTO bugs(bugId, deviceId, testerId) VALUES(671,3,8);
INSERT INTO bugs(bugId, deviceId, testerId) VALUES(672,3,8);
INSERT INTO bugs(bugId, deviceId, testerId) VALUES(673,3,6);
INSERT INTO bugs(bugId, deviceId, testerId) VALUES(674,3,8);
INSERT INTO bugs(bugId, deviceId, testerId) VALUES(675,8,2);
INSERT INTO bugs(bugId, deviceId, testerId) VALUES(676,3,6);
INSERT INTO bugs(bugId, deviceId, testerId) VALUES(677,1,8);
INSERT INTO bugs(bugId, deviceId, testerId) VALUES(678,9,8);
INSERT INTO bugs(bugId, deviceId, testerId) VALUES(679,2,1);
INSERT INTO bugs(bugId, deviceId, testerId) VALUES(680,3,6);
INSERT INTO bugs(bugId, deviceId, testerId) VALUES(681,1,8);
INSERT INTO bugs(bugId, deviceId, testerId) VALUES(682,5,9);
INSERT INTO bugs(bugId, deviceId, testerId) VALUES(683,6,3);
INSERT INTO bugs(bugId, deviceId, testerId) VALUES(684,2,4);
INSERT INTO bugs(bugId, deviceId, testerId) VALUES(685,3,6);
INSERT INTO bugs(bugId, deviceId, testerId) VALUES(686,7,5);
INSERT INTO bugs(bugId, deviceId, testerId) VALUES(687,3,8);
INSERT INTO bugs(bugId, deviceId, testerId) VALUES(688,8,9);
INSERT INTO bugs(bugId, deviceId, testerId) VALUES(689,6,3);
INSERT INTO bugs(bugId, deviceId, testerId) VALUES(690,3,6);
INSERT INTO bugs(bugId, deviceId, testerId) VALUES(691,5,5);
INSERT INTO bugs(bugId, deviceId, testerId) VALUES(692,2,4);
INSERT INTO bugs(bugId, deviceId, testerId) VALUES(693,5,2);
INSERT INTO bugs(bugId, deviceId, testerId) VALUES(694,1,4);
INSERT INTO bugs(bugId, deviceId, testerId) VALUES(695,6,8);
INSERT INTO bugs(bugId, deviceId, testerId) VALUES(696,1,8);
INSERT INTO bugs(bugId, deviceId, testerId) VALUES(697,1,5);
INSERT INTO bugs(bugId, deviceId, testerId) VALUES(698,1,1);
INSERT INTO bugs(bugId, deviceId, testerId) VALUES(699,3,6);
INSERT INTO bugs(bugId, deviceId, testerId) VALUES(700,5,2);
INSERT INTO bugs(bugId, deviceId, testerId) VALUES(701,6,8);
INSERT INTO bugs(bugId, deviceId, testerId) VALUES(702,3,8);
INSERT INTO bugs(bugId, deviceId, testerId) VALUES(703,5,5);
INSERT INTO bugs(bugId, deviceId, testerId) VALUES(704,3,6);
INSERT INTO bugs(bugId, deviceId, testerId) VALUES(705,3,6);
INSERT INTO bugs(bugId, deviceId, testerId) VALUES(706,7,7);
INSERT INTO bugs(bugId, deviceId, testerId) VALUES(707,4,7);
INSERT INTO bugs(bugId, deviceId, testerId) VALUES(708,3,6);
INSERT INTO bugs(bugId, deviceId, testerId) VALUES(709,10,1);
INSERT INTO bugs(bugId, deviceId, testerId) VALUES(710,4,7);
INSERT INTO bugs(bugId, deviceId, testerId) VALUES(711,6,2);
INSERT INTO bugs(bugId, deviceId, testerId) VALUES(712,9,2);
INSERT INTO bugs(bugId, deviceId, testerId) VALUES(713,1,8);
INSERT INTO bugs(bugId, deviceId, testerId) VALUES(714,3,6);
INSERT INTO bugs(bugId, deviceId, testerId) VALUES(715,7,5);
INSERT INTO bugs(bugId, deviceId, testerId) VALUES(716,10,1);
INSERT INTO bugs(bugId, deviceId, testerId) VALUES(717,6,3);
INSERT INTO bugs(bugId, deviceId, testerId) VALUES(718,9,2);
INSERT INTO bugs(bugId, deviceId, testerId) VALUES(719,1,4);
INSERT INTO bugs(bugId, deviceId, testerId) VALUES(720,8,7);
INSERT INTO bugs(bugId, deviceId, testerId) VALUES(721,1,8);
INSERT INTO bugs(bugId, deviceId, testerId) VALUES(722,3,6);
INSERT INTO bugs(bugId, deviceId, testerId) VALUES(723,1,8);
INSERT INTO bugs(bugId, deviceId, testerId) VALUES(724,1,5);
INSERT INTO bugs(bugId, deviceId, testerId) VALUES(725,1,5);
INSERT INTO bugs(bugId, deviceId, testerId) VALUES(726,1,1);
INSERT INTO bugs(bugId, deviceId, testerId) VALUES(727,6,7);
INSERT INTO bugs(bugId, deviceId, testerId) VALUES(728,4,3);
INSERT INTO bugs(bugId, deviceId, testerId) VALUES(729,5,2);
INSERT INTO bugs(bugId, deviceId, testerId) VALUES(730,4,3);
INSERT INTO bugs(bugId, deviceId, testerId) VALUES(731,4,7);
INSERT INTO bugs(bugId, deviceId, testerId) VALUES(732,6,9);
INSERT INTO bugs(bugId, deviceId, testerId) VALUES(733,3,1);
INSERT INTO bugs(bugId, deviceId, testerId) VALUES(734,3,3);
INSERT INTO bugs(bugId, deviceId, testerId) VALUES(735,2,1);
INSERT INTO bugs(bugId, deviceId, testerId) VALUES(736,6,3);
INSERT INTO bugs(bugId, deviceId, testerId) VALUES(737,10,1);
INSERT INTO bugs(bugId, deviceId, testerId) VALUES(738,1,1);
INSERT INTO bugs(bugId, deviceId, testerId) VALUES(739,1,5);
INSERT INTO bugs(bugId, deviceId, testerId) VALUES(740,1,8);
INSERT INTO bugs(bugId, deviceId, testerId) VALUES(741,3,6);
INSERT INTO bugs(bugId, deviceId, testerId) VALUES(742,1,4);
INSERT INTO bugs(bugId, deviceId, testerId) VALUES(743,9,2);
INSERT INTO bugs(bugId, deviceId, testerId) VALUES(744,1,1);
INSERT INTO bugs(bugId, deviceId, testerId) VALUES(745,10,5);
INSERT INTO bugs(bugId, deviceId, testerId) VALUES(746,5,2);
INSERT INTO bugs(bugId, deviceId, testerId) VALUES(747,4,2);
INSERT INTO bugs(bugId, deviceId, testerId) VALUES(748,5,7);
INSERT INTO bugs(bugId, deviceId, testerId) VALUES(749,6,7);
INSERT INTO bugs(bugId, deviceId, testerId) VALUES(750,3,6);
INSERT INTO bugs(bugId, deviceId, testerId) VALUES(751,6,9);
INSERT INTO bugs(bugId, deviceId, testerId) VALUES(752,4,7);
INSERT INTO bugs(bugId, deviceId, testerId) VALUES(753,1,4);
INSERT INTO bugs(bugId, deviceId, testerId) VALUES(754,1,5);
INSERT INTO bugs(bugId, deviceId, testerId) VALUES(755,8,9);
INSERT INTO bugs(bugId, deviceId, testerId) VALUES(756,1,4);
INSERT INTO bugs(bugId, deviceId, testerId) VALUES(757,5,9);
INSERT INTO bugs(bugId, deviceId, testerId) VALUES(758,9,9);
INSERT INTO bugs(bugId, deviceId, testerId) VALUES(759,1,8);
INSERT INTO bugs(bugId, deviceId, testerId) VALUES(760,3,6);
INSERT INTO bugs(bugId, deviceId, testerId) VALUES(761,9,8);
INSERT INTO bugs(bugId, deviceId, testerId) VALUES(762,3,8);
INSERT INTO bugs(bugId, deviceId, testerId) VALUES(763,6,7);
INSERT INTO bugs(bugId, deviceId, testerId) VALUES(764,3,3);
INSERT INTO bugs(bugId, deviceId, testerId) VALUES(765,3,3);
INSERT INTO bugs(bugId, deviceId, testerId) VALUES(766,3,6);
INSERT INTO bugs(bugId, deviceId, testerId) VALUES(767,5,9);
INSERT INTO bugs(bugId, deviceId, testerId) VALUES(768,3,3);
INSERT INTO bugs(bugId, deviceId, testerId) VALUES(769,4,2);
INSERT INTO bugs(bugId, deviceId, testerId) VALUES(770,3,3);
INSERT INTO bugs(bugId, deviceId, testerId) VALUES(771,3,8);
INSERT INTO bugs(bugId, deviceId, testerId) VALUES(772,3,6);
INSERT INTO bugs(bugId, deviceId, testerId) VALUES(773,3,6);
INSERT INTO bugs(bugId, deviceId, testerId) VALUES(774,3,3);
INSERT INTO bugs(bugId, deviceId, testerId) VALUES(775,4,3);
INSERT INTO bugs(bugId, deviceId, testerId) VALUES(776,2,4);
INSERT INTO bugs(bugId, deviceId, testerId) VALUES(777,7,5);
INSERT INTO bugs(bugId, deviceId, testerId) VALUES(778,9,2);
INSERT INTO bugs(bugId, deviceId, testerId) VALUES(779,3,3);
INSERT INTO bugs(bugId, deviceId, testerId) VALUES(780,5,7);
INSERT INTO bugs(bugId, deviceId, testerId) VALUES(781,6,3);
INSERT INTO bugs(bugId, deviceId, testerId) VALUES(782,1,4);
INSERT INTO bugs(bugId, deviceId, testerId) VALUES(783,1,4);
INSERT INTO bugs(bugId, deviceId, testerId) VALUES(784,5,9);
INSERT INTO bugs(bugId, deviceId, testerId) VALUES(785,3,1);
INSERT INTO bugs(bugId, deviceId, testerId) VALUES(786,1,8);
INSERT INTO bugs(bugId, deviceId, testerId) VALUES(787,4,7);
INSERT INTO bugs(bugId, deviceId, testerId) VALUES(788,7,5);
INSERT INTO bugs(bugId, deviceId, testerId) VALUES(789,4,7);
INSERT INTO bugs(bugId, deviceId, testerId) VALUES(790,6,8);
INSERT INTO bugs(bugId, deviceId, testerId) VALUES(791,3,8);
INSERT INTO bugs(bugId, deviceId, testerId) VALUES(792,4,7);
INSERT INTO bugs(bugId, deviceId, testerId) VALUES(793,7,7);
INSERT INTO bugs(bugId, deviceId, testerId) VALUES(794,3,8);
INSERT INTO bugs(bugId, deviceId, testerId) VALUES(795,1,1);
INSERT INTO bugs(bugId, deviceId, testerId) VALUES(796,10,1);
INSERT INTO bugs(bugId, deviceId, testerId) VALUES(797,6,9);
INSERT INTO bugs(bugId, deviceId, testerId) VALUES(798,10,5);
INSERT INTO bugs(bugId, deviceId, testerId) VALUES(799,2,4);
INSERT INTO bugs(bugId, deviceId, testerId) VALUES(800,5,2);
INSERT INTO bugs(bugId, deviceId, testerId) VALUES(801,3,6);
INSERT INTO bugs(bugId, deviceId, testerId) VALUES(802,6,9);
INSERT INTO bugs(bugId, deviceId, testerId) VALUES(803,1,4);
INSERT INTO bugs(bugId, deviceId, testerId) VALUES(804,7,5);
INSERT INTO bugs(bugId, deviceId, testerId) VALUES(805,6,7);
INSERT INTO bugs(bugId, deviceId, testerId) VALUES(806,7,2);
INSERT INTO bugs(bugId, deviceId, testerId) VALUES(807,10,1);
INSERT INTO bugs(bugId, deviceId, testerId) VALUES(808,5,7);
INSERT INTO bugs(bugId, deviceId, testerId) VALUES(809,1,4);
INSERT INTO bugs(bugId, deviceId, testerId) VALUES(810,10,1);
INSERT INTO bugs(bugId, deviceId, testerId) VALUES(811,1,1);
INSERT INTO bugs(bugId, deviceId, testerId) VALUES(812,2,1);
INSERT INTO bugs(bugId, deviceId, testerId) VALUES(813,3,6);
INSERT INTO bugs(bugId, deviceId, testerId) VALUES(814,10,1);
INSERT INTO bugs(bugId, deviceId, testerId) VALUES(815,5,3);
INSERT INTO bugs(bugId, deviceId, testerId) VALUES(816,3,6);
INSERT INTO bugs(bugId, deviceId, testerId) VALUES(817,4,2);
INSERT INTO bugs(bugId, deviceId, testerId) VALUES(818,1,1);
INSERT INTO bugs(bugId, deviceId, testerId) VALUES(819,3,3);
INSERT INTO bugs(bugId, deviceId, testerId) VALUES(820,1,8);
INSERT INTO bugs(bugId, deviceId, testerId) VALUES(821,9,9);
INSERT INTO bugs(bugId, deviceId, testerId) VALUES(822,3,6);
INSERT INTO bugs(bugId, deviceId, testerId) VALUES(823,3,3);
INSERT INTO bugs(bugId, deviceId, testerId) VALUES(824,10,1);
INSERT INTO bugs(bugId, deviceId, testerId) VALUES(825,1,5);
INSERT INTO bugs(bugId, deviceId, testerId) VALUES(826,1,4);
INSERT INTO bugs(bugId, deviceId, testerId) VALUES(827,3,8);
INSERT INTO bugs(bugId, deviceId, testerId) VALUES(828,3,6);
INSERT INTO bugs(bugId, deviceId, testerId) VALUES(829,7,7);
INSERT INTO bugs(bugId, deviceId, testerId) VALUES(830,9,9);
INSERT INTO bugs(bugId, deviceId, testerId) VALUES(831,9,9);
INSERT INTO bugs(bugId, deviceId, testerId) VALUES(832,3,6);
INSERT INTO bugs(bugId, deviceId, testerId) VALUES(833,5,7);
INSERT INTO bugs(bugId, deviceId, testerId) VALUES(834,3,3);
INSERT INTO bugs(bugId, deviceId, testerId) VALUES(835,6,8);
INSERT INTO bugs(bugId, deviceId, testerId) VALUES(836,5,5);
INSERT INTO bugs(bugId, deviceId, testerId) VALUES(837,1,1);
INSERT INTO bugs(bugId, deviceId, testerId) VALUES(838,8,9);
INSERT INTO bugs(bugId, deviceId, testerId) VALUES(839,6,3);
INSERT INTO bugs(bugId, deviceId, testerId) VALUES(840,4,3);
INSERT INTO bugs(bugId, deviceId, testerId) VALUES(841,1,4);
INSERT INTO bugs(bugId, deviceId, testerId) VALUES(842,5,3);
INSERT INTO bugs(bugId, deviceId, testerId) VALUES(843,6,7);
INSERT INTO bugs(bugId, deviceId, testerId) VALUES(844,8,9);
INSERT INTO bugs(bugId, deviceId, testerId) VALUES(845,4,7);
INSERT INTO bugs(bugId, deviceId, testerId) VALUES(846,6,2);
INSERT INTO bugs(bugId, deviceId, testerId) VALUES(847,4,2);
INSERT INTO bugs(bugId, deviceId, testerId) VALUES(848,7,2);
INSERT INTO bugs(bugId, deviceId, testerId) VALUES(849,6,3);
INSERT INTO bugs(bugId, deviceId, testerId) VALUES(850,8,7);
INSERT INTO bugs(bugId, deviceId, testerId) VALUES(851,5,5);
INSERT INTO bugs(bugId, deviceId, testerId) VALUES(852,2,4);
INSERT INTO bugs(bugId, deviceId, testerId) VALUES(853,8,7);
INSERT INTO bugs(bugId, deviceId, testerId) VALUES(854,7,7);
INSERT INTO bugs(bugId, deviceId, testerId) VALUES(855,1,8);
INSERT INTO bugs(bugId, deviceId, testerId) VALUES(856,1,5);
INSERT INTO bugs(bugId, deviceId, testerId) VALUES(857,1,1);
INSERT INTO bugs(bugId, deviceId, testerId) VALUES(858,4,3);
INSERT INTO bugs(bugId, deviceId, testerId) VALUES(859,2,4);
INSERT INTO bugs(bugId, deviceId, testerId) VALUES(860,3,6);
INSERT INTO bugs(bugId, deviceId, testerId) VALUES(861,9,2);
INSERT INTO bugs(bugId, deviceId, testerId) VALUES(862,2,4);
INSERT INTO bugs(bugId, deviceId, testerId) VALUES(863,7,7);
INSERT INTO bugs(bugId, deviceId, testerId) VALUES(864,8,9);
INSERT INTO bugs(bugId, deviceId, testerId) VALUES(865,4,3);
INSERT INTO bugs(bugId, deviceId, testerId) VALUES(866,6,7);
INSERT INTO bugs(bugId, deviceId, testerId) VALUES(867,1,4);
INSERT INTO bugs(bugId, deviceId, testerId) VALUES(868,1,4);
INSERT INTO bugs(bugId, deviceId, testerId) VALUES(869,10,5);
INSERT INTO bugs(bugId, deviceId, testerId) VALUES(870,4,7);
INSERT INTO bugs(bugId, deviceId, testerId) VALUES(871,10,8);
INSERT INTO bugs(bugId, deviceId, testerId) VALUES(872,6,8);
INSERT INTO bugs(bugId, deviceId, testerId) VALUES(873,6,2);
INSERT INTO bugs(bugId, deviceId, testerId) VALUES(874,4,3);
INSERT INTO bugs(bugId, deviceId, testerId) VALUES(875,1,1);
INSERT INTO bugs(bugId, deviceId, testerId) VALUES(876,3,8);
INSERT INTO bugs(bugId, deviceId, testerId) VALUES(877,5,2);
INSERT INTO bugs(bugId, deviceId, testerId) VALUES(878,3,6);
INSERT INTO bugs(bugId, deviceId, testerId) VALUES(879,5,7);
INSERT INTO bugs(bugId, deviceId, testerId) VALUES(880,1,4);
INSERT INTO bugs(bugId, deviceId, testerId) VALUES(881,7,5);
INSERT INTO bugs(bugId, deviceId, testerId) VALUES(882,3,6);
INSERT INTO bugs(bugId, deviceId, testerId) VALUES(883,8,9);
INSERT INTO bugs(bugId, deviceId, testerId) VALUES(884,7,2);
INSERT INTO bugs(bugId, deviceId, testerId) VALUES(885,3,6);
INSERT INTO bugs(bugId, deviceId, testerId) VALUES(886,2,1);
INSERT INTO bugs(bugId, deviceId, testerId) VALUES(887,6,8);
INSERT INTO bugs(bugId, deviceId, testerId) VALUES(888,5,7);
INSERT INTO bugs(bugId, deviceId, testerId) VALUES(889,10,1);
INSERT INTO bugs(bugId, deviceId, testerId) VALUES(890,1,4);
INSERT INTO bugs(bugId, deviceId, testerId) VALUES(891,10,8);
INSERT INTO bugs(bugId, deviceId, testerId) VALUES(892,2,4);
INSERT INTO bugs(bugId, deviceId, testerId) VALUES(893,3,6);
INSERT INTO bugs(bugId, deviceId, testerId) VALUES(894,8,7);
INSERT INTO bugs(bugId, deviceId, testerId) VALUES(895,2,4);
INSERT INTO bugs(bugId, deviceId, testerId) VALUES(896,6,7);
INSERT INTO bugs(bugId, deviceId, testerId) VALUES(897,5,5);
INSERT INTO bugs(bugId, deviceId, testerId) VALUES(898,2,4);
INSERT INTO bugs(bugId, deviceId, testerId) VALUES(899,9,8);
INSERT INTO bugs(bugId, deviceId, testerId) VALUES(900,9,9);
INSERT INTO bugs(bugId, deviceId, testerId) VALUES(901,7,5);
INSERT INTO bugs(bugId, deviceId, testerId) VALUES(902,4,7);
INSERT INTO bugs(bugId, deviceId, testerId) VALUES(903,2,4);
INSERT INTO bugs(bugId, deviceId, testerId) VALUES(904,10,8);
INSERT INTO bugs(bugId, deviceId, testerId) VALUES(905,5,9);
INSERT INTO bugs(bugId, deviceId, testerId) VALUES(906,1,8);
INSERT INTO bugs(bugId, deviceId, testerId) VALUES(907,3,3);
INSERT INTO bugs(bugId, deviceId, testerId) VALUES(908,3,1);
INSERT INTO bugs(bugId, deviceId, testerId) VALUES(909,5,2);
INSERT INTO bugs(bugId, deviceId, testerId) VALUES(910,2,4);
INSERT INTO bugs(bugId, deviceId, testerId) VALUES(911,6,7);
INSERT INTO bugs(bugId, deviceId, testerId) VALUES(912,1,4);
INSERT INTO bugs(bugId, deviceId, testerId) VALUES(913,5,7);
INSERT INTO bugs(bugId, deviceId, testerId) VALUES(914,3,6);
INSERT INTO bugs(bugId, deviceId, testerId) VALUES(915,3,1);
INSERT INTO bugs(bugId, deviceId, testerId) VALUES(916,9,8);
INSERT INTO bugs(bugId, deviceId, testerId) VALUES(917,3,6);
INSERT INTO bugs(bugId, deviceId, testerId) VALUES(918,2,4);
INSERT INTO bugs(bugId, deviceId, testerId) VALUES(919,6,9);
INSERT INTO bugs(bugId, deviceId, testerId) VALUES(920,1,5);
INSERT INTO bugs(bugId, deviceId, testerId) VALUES(921,3,6);
INSERT INTO bugs(bugId, deviceId, testerId) VALUES(922,8,9);
INSERT INTO bugs(bugId, deviceId, testerId) VALUES(923,1,5);
INSERT INTO bugs(bugId, deviceId, testerId) VALUES(924,9,2);
INSERT INTO bugs(bugId, deviceId, testerId) VALUES(925,7,5);
INSERT INTO bugs(bugId, deviceId, testerId) VALUES(926,3,3);
INSERT INTO bugs(bugId, deviceId, testerId) VALUES(927,6,5);
INSERT INTO bugs(bugId, deviceId, testerId) VALUES(928,2,4);
INSERT INTO bugs(bugId, deviceId, testerId) VALUES(929,1,8);
INSERT INTO bugs(bugId, deviceId, testerId) VALUES(930,7,5);
INSERT INTO bugs(bugId, deviceId, testerId) VALUES(931,6,8);
INSERT INTO bugs(bugId, deviceId, testerId) VALUES(932,7,7);
INSERT INTO bugs(bugId, deviceId, testerId) VALUES(933,8,2);
INSERT INTO bugs(bugId, deviceId, testerId) VALUES(934,3,1);
INSERT INTO bugs(bugId, deviceId, testerId) VALUES(935,1,8);
INSERT INTO bugs(bugId, deviceId, testerId) VALUES(936,4,3);
INSERT INTO bugs(bugId, deviceId, testerId) VALUES(937,10,5);
INSERT INTO bugs(bugId, deviceId, testerId) VALUES(938,1,8);
INSERT INTO bugs(bugId, deviceId, testerId) VALUES(939,3,6);
INSERT INTO bugs(bugId, deviceId, testerId) VALUES(940,6,2);
INSERT INTO bugs(bugId, deviceId, testerId) VALUES(941,10,1);
INSERT INTO bugs(bugId, deviceId, testerId) VALUES(942,10,1);
INSERT INTO bugs(bugId, deviceId, testerId) VALUES(943,7,5);
INSERT INTO bugs(bugId, deviceId, testerId) VALUES(944,4,2);
INSERT INTO bugs(bugId, deviceId, testerId) VALUES(945,6,9);
INSERT INTO bugs(bugId, deviceId, testerId) VALUES(946,10,1);
INSERT INTO bugs(bugId, deviceId, testerId) VALUES(947,4,2);
INSERT INTO bugs(bugId, deviceId, testerId) VALUES(948,4,2);
INSERT INTO bugs(bugId, deviceId, testerId) VALUES(949,2,4);
INSERT INTO bugs(bugId, deviceId, testerId) VALUES(950,6,9);
INSERT INTO bugs(bugId, deviceId, testerId) VALUES(951,1,4);
INSERT INTO bugs(bugId, deviceId, testerId) VALUES(952,3,6);
INSERT INTO bugs(bugId, deviceId, testerId) VALUES(953,1,1);
INSERT INTO bugs(bugId, deviceId, testerId) VALUES(954,6,7);
INSERT INTO bugs(bugId, deviceId, testerId) VALUES(955,6,9);
INSERT INTO bugs(bugId, deviceId, testerId) VALUES(956,6,9);
INSERT INTO bugs(bugId, deviceId, testerId) VALUES(957,6,7);
INSERT INTO bugs(bugId, deviceId, testerId) VALUES(958,5,9);
INSERT INTO bugs(bugId, deviceId, testerId) VALUES(959,10,8);
INSERT INTO bugs(bugId, deviceId, testerId) VALUES(960,3,8);
INSERT INTO bugs(bugId, deviceId, testerId) VALUES(961,6,2);
INSERT INTO bugs(bugId, deviceId, testerId) VALUES(962,1,1);
INSERT INTO bugs(bugId, deviceId, testerId) VALUES(963,9,2);
INSERT INTO bugs(bugId, deviceId, testerId) VALUES(964,6,3);
INSERT INTO bugs(bugId, deviceId, testerId) VALUES(965,8,7);
INSERT INTO bugs(bugId, deviceId, testerId) VALUES(966,6,8);
INSERT INTO bugs(bugId, deviceId, testerId) VALUES(967,1,4);
INSERT INTO bugs(bugId, deviceId, testerId) VALUES(968,6,7);
INSERT INTO bugs(bugId, deviceId, testerId) VALUES(969,2,4);
INSERT INTO bugs(bugId, deviceId, testerId) VALUES(970,10,5);
INSERT INTO bugs(bugId, deviceId, testerId) VALUES(971,5,5);
INSERT INTO bugs(bugId, deviceId, testerId) VALUES(972,5,2);
INSERT INTO bugs(bugId, deviceId, testerId) VALUES(973,2,4);
INSERT INTO bugs(bugId, deviceId, testerId) VALUES(974,7,5);
INSERT INTO bugs(bugId, deviceId, testerId) VALUES(975,9,2);
INSERT INTO bugs(bugId, deviceId, testerId) VALUES(976,3,8);
INSERT INTO bugs(bugId, deviceId, testerId) VALUES(977,6,8);
INSERT INTO bugs(bugId, deviceId, testerId) VALUES(978,7,5);
INSERT INTO bugs(bugId, deviceId, testerId) VALUES(979,5,5);
INSERT INTO bugs(bugId, deviceId, testerId) VALUES(980,10,1);
INSERT INTO bugs(bugId, deviceId, testerId) VALUES(981,3,6);
INSERT INTO bugs(bugId, deviceId, testerId) VALUES(982,6,9);
INSERT INTO bugs(bugId, deviceId, testerId) VALUES(983,10,5);
INSERT INTO bugs(bugId, deviceId, testerId) VALUES(984,6,7);
INSERT INTO bugs(bugId, deviceId, testerId) VALUES(985,7,5);
INSERT INTO bugs(bugId, deviceId, testerId) VALUES(986,5,9);
INSERT INTO bugs(bugId, deviceId, testerId) VALUES(987,3,6);
INSERT INTO bugs(bugId, deviceId, testerId) VALUES(988,10,1);
INSERT INTO bugs(bugId, deviceId, testerId) VALUES(989,3,8);
INSERT INTO bugs(bugId, deviceId, testerId) VALUES(990,1,4);
INSERT INTO bugs(bugId, deviceId, testerId) VALUES(991,7,2);
INSERT INTO bugs(bugId, deviceId, testerId) VALUES(992,3,1);
INSERT INTO bugs(bugId, deviceId, testerId) VALUES(993,5,2);
INSERT INTO bugs(bugId, deviceId, testerId) VALUES(994,2,4);
INSERT INTO bugs(bugId, deviceId, testerId) VALUES(995,7,7);
INSERT INTO bugs(bugId, deviceId, testerId) VALUES(996,2,1);
INSERT INTO bugs(bugId, deviceId, testerId) VALUES(997,4,3);
INSERT INTO bugs(bugId, deviceId, testerId) VALUES(998,5,2);
INSERT INTO bugs(bugId, deviceId, testerId) VALUES(999,6,7);
INSERT INTO bugs(bugId, deviceId, testerId) VALUES(1000,9,8);
